sample_id,P_true,V_true,P_pred,V_pred
C13,,700.0,300.455877622354,
C14,,,298.8920050227269,
C9,,600.0,279.7808703878189,
B10,330.0,,,321.25120278221226
C14,,,,752.5149417734909
